{
    "clientName": "Thunder Client",
    "collectionName": "lucene",
    "collectionId": "28f1831b-b73c-4d8f-b722-723636da56bf",
    "dateExported": "2024-10-31T04:26:28.704Z",
    "version": "1.2",
    "folders": [],
    "requests": [
        {
            "_id": "cd0992c7-9968-4712-9481-7daabbe55946",
            "colId": "28f1831b-b73c-4d8f-b722-723636da56bf",
            "containerId": "",
            "name": "Search",
            "url": "http://localhost:8086/api/lucene/indexFromS3",
            "method": "POST",
            "sortNum": 10000,
            "created": "2024-10-31T04:26:09.110Z",
            "modified": "2024-10-31T04:26:09.110Z",
            "headers": [],
            "body": {
                "type": "json",
                "raw": "{\r\n    \"bucketName\": \"logs-teste-exemplo\",\r\n    \"key\": \"aplicacao1/logs_1724484219.txt\",\r\n    \"loggroup\": \"aplicacao2\"\r\n}",
                "form": []
            }
        },
        {
            "_id": "e5066e6c-d36f-42cd-a115-9c3477a831fb",
            "colId": "28f1831b-b73c-4d8f-b722-723636da56bf",
            "containerId": "",
            "name": "Create index",
            "url": "http://localhost:8086/api/lucene/indexFromS3",
            "method": "POST",
            "sortNum": 20000,
            "created": "2024-10-31T04:26:24.343Z",
            "modified": "2024-10-31T04:26:24.343Z",
            "headers": [],
            "body": {
                "type": "json",
                "raw": "{\r\n    \"bucketName\": \"logs-teste-exemplo\",\r\n    \"key\": \"aplicacao1/logs_1724484219.txt\",\r\n    \"loggroup\": \"aplicacao2\"\r\n}",
                "form": []
            }
        }
    ],
    "ref": "2n9avMYyK6MuRU7RdPO1By9jIPx50BZD4x7J4XdfCIys2uV7NzBRINgQxdmmZo4ASb-rTGQU5aX3Yx18QORGgQ"
}